label,state,district,winner,runner-up,total,precincts,bp_rla1%,bp_rla5%,bp_rla10%,comp_rla1%,comp_rla5%,comp_rla10%,diluted margin,bp5_frac,"sample power (1% sample rate, 5% risk limit)","sample power (2% sample rate, 5% risk limit)"
CA-49,CALIFORNIA,49,155888,154267,310155,424,337374,219534,168783,3287,2542,2267,0.52%,70.78%,8.42%,10.53%
MN-8,MINNESOTA,8,179097,177088,356971,810,290968,189341,145573,2955,2361,2105,0.56%,53.04%,9.16%,11.76%
MN-1,MINNESOTA,1,169071,166524,335873,697,160296,104321,80214,2193,1680,1490,0.76%,31.06%,10.96%,14.87%
TX-23,TEXAS,23,110577,107526,228965,329,51949,33821,26014,1207,915,807,1.33%,14.77%,15.27%,22.57%
NE-2,NEBRASKA,2,141066,137602,288308,282,63886,41589,31986,1339,1061,895,1.20%,14.43%,16.79%,25.28%
NV-3,NEVADA,3,146869,142926,310963,415,57368,37348,28726,1269,962,848,1.27%,12.01%,15.05%,22.20%
NH-1,NEW HAMPSHIRE,1,162080,157176,365984,114,51381,33454,25733,1201,910,803,1.34%,9.14%,19.55%,30.20%
MN-2,MINNESOTA,2,173970,167315,370515,292,28608,18631,14334,865,679,599,1.80%,5.03%,28.22%,45.16%
CA-7,CALIFORNIA,7,152133,145168,297301,611,16822,10958,8433,664,521,459,2.34%,3.69%,34.64%,55.36%
LA-3,LOUISIANA,3,91532,84912,320454,567,15051,9809,7551,627,493,434,2.48%,3.06%,30.79%,49.36%
CA-10,CALIFORNIA,10,124671,116470,241141,350,7991,5209,4010,457,359,317,3.40%,2.16%,53.31%,78.87%
FL-7,FLORIDA,7,182039,171583,353655,63,10569,6887,5301,526,413,364,2.96%,1.95%,49.70%,75.13%
CA-44,CALIFORNIA,44,93124,85289,178413,653,4797,3129,2410,354,278,245,4.39%,1.75%,57.84%,83.20%
NY-19,NEW YORK,19,135905,125956,281054,614,7379,4810,3704,439,345,304,3.54%,1.71%,72.16%,93.06%
NV-4,NEVADA,4,128985,118328,265846,468,5756,3754,2892,388,305,269,4.01%,1.41%,65.01%,88.81%
NY-22,NEW YORK,22,113287,102734,258354,555,5547,3619,2788,381,299,264,4.08%,1.40%,65.34%,89.03%
FL-13,FLORIDA,13,184693,171149,355842,241,6382,4161,3204,409,321,283,3.81%,1.17%,56.84%,82.36%
LA-4,LOUISIANA,4,80593,70580,285985,750,4201,2741,2113,331,260,229,4.70%,0.96%,80.84%,96.58%
NJ-5,NEW JERSEY,5,172587,157690,337701,494,4755,3101,2389,353,277,244,4.41%,0.92%,82.44%,97.04%
NH-2,NEW HAMPSHIRE,2,174371,158825,350509,206,4704,3068,2364,351,275,243,4.44%,0.88%,57.69%,83.05%
IL-10,ILLINOIS,10,150435,135535,285996,411,3411,2226,1715,299,234,207,5.21%,0.78%,88.17%,98.26%
MN-7,MINNESOTA,7,173572,156944,330823,1329,3664,2391,1842,310,243,214,5.03%,0.72%,86.06%,97.90%
CA-25,CALIFORNIA,25,138755,122406,261161,646,2365,1544,1190,249,195,172,6.26%,0.59%,96.69%,98.99%
VA-10,VIRGINIA,10,210791,187712,400083,208,2784,1817,1401,270,212,187,5.77%,0.45%,92.81%,98.78%
CA-24,CALIFORNIA,24,166034,144780,310814,324,1983,1295,999,228,179,158,6.84%,0.42%,97.45%,98.99%
AZ-1,ARIZONA,1,142219,121745,280710,279,1744,1140,879,213,168,148,7.29%,0.41%,97.65%,98.99%
PA-17,PENNSYLVANIA,17,157734,135430,293164,440,1603,1047,808,205,161,142,7.61%,0.36%,98.81%,99.00%
AL-2,ALABAMA,2,134886,112089,276584,426,1367,894,690,189,148,131,8.24%,0.32%,98.30%,98.99%
IA-2,IOWA,2,198571,170933,370032,375,1663,1086,838,208,164,144,7.47%,0.29%,98.90%,98.99%
IA-1,IOWA,1,206903,177403,384977,416,1580,1032,797,203,160,141,7.66%,0.27%,98.64%,98.99%
CA-21,CALIFORNIA,21,75126,57282,132408,464,513,336,260,116,91,80,13.48%,0.25%,98.96%,98.99%
CO-6,COLORADO,6,191626,160372,376417,468,1347,881,680,188,147,130,8.30%,0.23%,98.99%,99.00%
FL-27,FLORIDA,27,157917,129760,287677,239,970,635,490,159,125,110,9.79%,0.22%,99.01%,98.99%
PA-8,PENNSYLVANIA,8,207263,173555,380818,342,1185,775,598,176,138,122,8.85%,0.20%,98.99%,99.00%
ME-2,MAINE,2,192878,159081,364886,414,1083,708,547,168,132,117,9.26%,0.19%,99.02%,98.99%
CA-31,CALIFORNIA,31,121070,94866,215936,362,632,414,320,129,101,89,12.14%,0.19%,99.00%,99.00%
NY-18,NEW YORK,18,140951,111117,279762,605,818,536,414,146,115,101,10.66%,0.19%,98.99%,99.00%
NY-1,NEW YORK,1,158409,126635,302821,473,845,553,427,149,117,103,10.49%,0.18%,98.99%,99.01%
NY-23,NEW YORK,23,136964,106600,260128,566,683,448,346,134,105,93,11.67%,0.17%,98.99%,98.99%
PA-16,PENNSYLVANIA,16,168669,134586,313773,332,788,516,399,144,113,99,10.86%,0.16%,99.00%,98.99%
TX-7,TEXAS,7,143542,111991,255533,152,611,400,309,126,99,88,12.35%,0.16%,99.00%,99.00%
FL-26,FLORIDA,26,148547,115493,280542,230,671,439,340,132,104,92,11.78%,0.16%,99.01%,99.00%
KS-3,KANSAS,3,176022,139300,343113,628,812,532,411,146,114,101,10.70%,0.16%,99.01%,99.00%
OR-5,OREGON,5,199505,160443,373108,292,849,555,429,149,117,103,10.47%,0.15%,99.02%,98.98%
WA-1,WASHINGTON,1,193619,155779,349398,214,793,519,401,144,113,100,10.83%,0.15%,98.99%,99.00%
NJ-7,NEW JERSEY,7,185850,148188,343635,639,775,507,392,142,112,99,10.96%,0.15%,98.99%,99.00%
FL-18,FLORIDA,18,201488,161918,375918,282,839,549,425,148,116,103,10.53%,0.15%,98.99%,99.00%
UT-4,UTAH,4,147597,113413,274569,534,601,394,305,125,98,87,12.45%,0.14%,99.01%,99.00%
NY-3,NEW YORK,3,171775,133954,332616,630,720,472,365,137,108,95,11.37%,0.14%,99.00%,99.01%
CA-16,CALIFORNIA,16,97473,70483,167956,469,361,237,184,97,76,67,16.07%,0.14%,99.01%,99.00%
CT-5,CONNECTICUT,5,179252,124900,309082,132,597,392,303,125,98,87,12.49%,0.13%,99.00%,99.00%
CA-9,CALIFORNIA,9,133163,98992,232155,453,430,282,219,106,83,74,14.72%,0.12%,99.01%,99.00%
NC-13,NORTH CAROLINA,13,199443,156049,355492,220,625,409,317,128,100,89,12.21%,0.12%,99.02%,98.99%
WA-4,WASHINGTON,4,132517,97402,229919,161,400,262,203,102,80,71,15.27%,0.11%,99.02%,99.00%
WA-7,WASHINGTON,7,212010,166744,378754,233,652,427,330,130,103,90,11.95%,0.11%,98.92%,98.99%
CA-52,CALIFORNIA,52,181253,139403,320656,385,547,358,277,120,94,83,13.05%,0.11%,98.99%,99.00%
CA-39,CALIFORNIA,39,150777,112679,263456,476,446,292,226,108,85,75,14.46%,0.11%,98.99%,98.99%
NY-24,NEW YORK,24,150330,110550,274508,611,444,291,226,108,85,75,14.49%,0.11%,99.00%,99.01%
NY-11,NEW YORK,11,122606,85257,231390,442,358,236,183,97,76,67,16.14%,0.10%,99.00%,99.00%
IN-9,INDIANA,9,174791,130627,322843,567,498,327,253,114,90,79,13.68%,0.10%,98.99%,99.00%
AZ-2,ARIZONA,2,179806,135873,315679,194,481,316,244,112,88,78,13.92%,0.10%,98.99%,98.99%
MI-11,MICHIGAN,11,200872,152461,379488,298,573,375,290,122,96,85,12.76%,0.10%,99.00%,99.00%
AK-at large,ALASKA,at large,155088,111019,308198,442,456,300,232,109,86,76,14.30%,0.10%,99.01%,99.00%
WV-2,WEST VIRGINIA,2,140807,101207,242014,553,349,229,177,95,75,66,16.36%,0.09%,98.98%,99.00%
IL-12,ILLINOIS,12,169976,124246,313002,415,437,287,222,107,84,74,14.61%,0.09%,98.99%,99.00%
TX-15,TEXAS,15,101712,66877,177479,289,243,160,124,80,63,55,19.63%,0.09%,98.98%,99.01%
IL-8,ILLINOIS,8,144954,103617,248571,465,338,222,172,94,74,65,16.63%,0.09%,99.00%,99.01%
NC-2,NORTH CAROLINA,2,221485,169082,390567,157,518,339,263,116,91,81,13.42%,0.09%,98.98%,99.00%
FL-15,FLORIDA,15,182999,135475,318474,187,419,275,213,105,82,73,14.92%,0.09%,98.99%,99.00%
IA-3,IOWA,3,208598,155002,390287,400,494,324,251,114,89,79,13.73%,0.08%,99.01%,98.99%
MN-3,MINNESOTA,3,223075,169238,393457,247,498,326,253,114,90,79,13.68%,0.08%,98.99%,99.01%
MI-7,MICHIGAN,7,184321,134010,334807,311,413,271,210,104,82,72,15.03%,0.08%,98.99%,99.00%
PA-6,PENNSYLVANIA,6,207469,155000,362469,320,445,292,226,108,85,75,14.48%,0.08%,99.01%,99.00%
CO-3,COLORADO,3,204220,150914,374037,484,459,301,233,110,86,76,14.25%,0.08%,98.99%,99.00%
FL-9,FLORIDA,9,195311,144450,339761,159,416,273,211,104,82,72,14.97%,0.08%,99.00%,99.00%
TX-24,TEXAS,24,154845,108389,275635,256,329,216,167,93,73,64,16.85%,0.08%,98.99%,99.00%
CA-42,CALIFORNIA,42,149547,104689,254236,307,300,197,153,89,70,61,17.64%,0.08%,98.98%,98.99%
MI-1,MICHIGAN,1,197777,144334,360271,501,424,278,215,105,83,73,14.83%,0.08%,99.00%,99.00%
MD-6,MARYLAND,6,185770,133081,331973,255,370,243,189,98,77,68,15.87%,0.07%,98.99%,98.99%
CA-48,CALIFORNIA,48,178701,127715,306416,403,337,221,172,94,74,65,16.64%,0.07%,99.03%,99.01%
FL-23,FLORIDA,23,183225,130818,323120,233,355,233,181,96,76,67,16.22%,0.07%,98.98%,99.00%
VA-4,VIRGINIA,4,200136,145731,346656,260,379,249,193,99,78,69,15.69%,0.07%,99.02%,99.00%
CO-7,COLORADO,7,199758,144066,362010,344,394,259,201,101,80,70,15.38%,0.07%,99.00%,99.00%
WA-10,WASHINGTON,10,170460,120104,290564,191,311,204,158,90,71,63,17.33%,0.07%,99.01%,99.00%
VA-7,VIRGINIA,7,218057,160159,379163,231,400,263,203,102,80,71,15.27%,0.07%,98.98%,98.99%
NC-9,NORTH CAROLINA,9,193452,139041,332493,210,349,229,177,95,75,66,16.36%,0.07%,99.01%,99.00%
DE-at large,DELAWARE,at large,233554,172301,420617,429,440,289,223,107,84,74,14.56%,0.07%,99.02%,98.99%
CA-3,CALIFORNIA,3,152513,104453,256966,411,267,176,136,84,66,58,18.70%,0.07%,99.00%,99.00%
CA-45,CALIFORNIA,45,182618,129231,311849,372,319,209,162,91,72,63,17.12%,0.07%,99.01%,99.00%
FL-3,FLORIDA,3,193843,136338,342700,158,332,218,169,93,73,65,16.78%,0.06%,99.01%,99.00%
ME-1,MAINE,1,227546,164569,406942,118,390,256,198,101,79,70,15.48%,0.06%,99.00%,99.01%
VA-5,VIRGINIA,5,207758,148339,356756,328,337,221,171,94,74,65,16.66%,0.06%,99.02%,98.99%
OR-4,OREGON,4,220628,157743,397568,285,373,245,190,99,78,68,15.82%,0.06%,98.99%,98.99%
CA-32,CALIFORNIA,32,114926,71720,186646,694,175,115,90,68,53,47,23.15%,0.06%,99.02%,99.00%
NC-8,NORTH CAROLINA,8,189863,133182,323045,206,303,199,155,89,70,62,17.55%,0.06%,98.99%,99.00%
NC-5,NORTH CAROLINA,5,207625,147887,355512,263,331,217,168,93,73,64,16.80%,0.06%,99.02%,98.99%
TX-6,TEXAS,6,159444,106667,273296,251,251,165,128,81,64,56,19.31%,0.06%,99.00%,99.01%
NY-25,NEW YORK,25,168660,113840,293286,783,267,176,137,84,66,58,18.69%,0.06%,98.99%,99.00%
CA-1,CALIFORNIA,1,185448,128588,314036,544,285,187,145,86,68,60,18.11%,0.06%,98.99%,98.99%
MI-8,MICHIGAN,8,205629,143791,366968,304,329,216,168,93,73,64,16.85%,0.06%,99.00%,99.00%
TX-34,TEXAS,34,104638,62323,166961,230,146,96,75,62,49,43,25.34%,0.06%,98.98%,99.01%
FL-6,FLORIDA,6,213519,151051,364570,173,318,209,162,91,72,63,17.13%,0.06%,99.00%,99.01%
NY-2,NEW YORK,2,157571,102270,284949,524,248,163,127,81,63,56,19.41%,0.06%,99.01%,99.01%
FL-22,FLORIDA,22,199113,138737,337850,271,292,192,149,87,69,61,17.87%,0.06%,98.98%,99.01%
TX-22,TEXAS,22,181864,123679,305543,138,258,169,131,82,65,57,19.04%,0.06%,98.99%,99.01%
TX-10,TEXAS,10,179221,120170,312600,421,262,172,134,83,65,57,18.89%,0.06%,99.01%,99.00%
CA-17,CALIFORNIA,17,142268,90924,233192,234,193,127,99,71,56,49,22.02%,0.05%,98.99%,99.01%
SC-5,SOUTH CAROLINA,5,161669,105772,273006,361,223,147,114,76,60,53,20.47%,0.05%,98.98%,98.99%
OK-5,OKLAHOMA,5,160184,103273,280570,274,227,150,116,77,61,53,20.28%,0.05%,99.01%,99.01%
IL-13,ILLINOIS,13,187583,126811,314394,264,250,165,128,81,64,56,19.33%,0.05%,99.00%,99.00%
IL-14,ILLINOIS,14,200508,137589,338097,363,270,177,138,84,66,58,18.61%,0.05%,99.02%,98.99%
NC-6,NORTH CAROLINA,6,207983,143167,351150,172,274,180,140,85,67,59,18.46%,0.05%,98.98%,99.00%
IL-11,ILLINOIS,11,166578,108995,275573,277,214,141,110,75,59,52,20.90%,0.05%,98.99%,99.00%
IL-6,ILLINOIS,6,208555,143591,352146,617,275,180,140,85,67,59,18.45%,0.05%,99.00%,98.98%
OH-1,OHIO,1,210014,144644,354788,505,275,181,140,85,67,59,18.43%,0.05%,98.99%,99.00%
CA-26,CALIFORNIA,26,169248,111059,280307,403,217,143,111,75,59,52,20.76%,0.05%,98.99%,99.00%
WA-5,WASHINGTON,5,192959,130575,323534,206,251,165,128,81,64,56,19.28%,0.05%,98.99%,99.00%
IL-17,ILLINOIS,17,173125,113943,287068,338,220,145,112,76,60,53,20.62%,0.05%,99.00%,99.00%
GA-2,GEORGIA,2,148543,94056,242599,226,186,122,95,70,55,48,22.46%,0.05%,99.02%,98.99%
NJ-11,NEW JERSEY,11,194299,130162,334992,575,255,168,130,82,64,57,19.15%,0.05%,98.99%,99.00%
GA-7,GEORGIA,7,174081,114220,288301,125,217,143,111,75,59,52,20.76%,0.05%,99.01%,98.98%
MT-at large,MONTANA,at large,285358,205919,507831,686,381,250,194,100,78,69,15.64%,0.05%,99.00%,98.99%
TX-27,TEXAS,27,142251,88329,230580,312,171,113,88,67,53,46,23.39%,0.05%,99.00%,99.01%
CA-8,CALIFORNIA,8,136972,83035,220007,460,156,103,80,64,50,44,24.52%,0.05%,99.01%,99.01%
TX-25,TEXAS,25,180988,117073,310196,399,220,145,113,76,60,53,20.60%,0.05%,99.01%,98.99%
AZ-9,ARIZONA,9,169055,108350,277507,141,196,129,100,72,56,50,21.88%,0.05%,99.00%,99.01%
WA-8,WASHINGTON,8,193145,127720,320865,201,225,148,115,77,60,53,20.39%,0.05%,99.02%,99.00%
CA-36,CALIFORNIA,36,144348,88269,232617,292,161,106,83,65,51,45,24.11%,0.05%,99.02%,99.01%
PA-15,PENNSYLVANIA,15,190618,124129,326474,334,225,148,115,77,60,53,20.37%,0.05%,98.99%,99.00%
TX-31,TEXAS,31,166060,103852,284588,106,196,129,100,72,56,50,21.86%,0.05%,99.01%,99.01%
PA-7,PENNSYLVANIA,7,225678,153824,379502,423,261,171,133,83,65,57,18.93%,0.05%,99.00%,99.01%
NJ-3,NEW JERSEY,3,194596,127526,328060,571,224,147,114,76,60,53,20.44%,0.04%,99.00%,98.99%
IN-2,INDIANA,2,164355,102401,277357,545,188,124,96,70,55,49,22.34%,0.04%,99.00%,99.00%
GA-12,GEORGIA,12,159492,99420,258912,245,174,115,89,67,53,47,23.20%,0.04%,99.00%,99.01%
MO-5,MISSOURI,5,190766,123771,324270,363,219,144,112,76,60,53,20.66%,0.04%,98.99%,99.01%
AR-2,ARKANSAS,2,176472,111347,302464,390,202,133,103,73,57,50,21.53%,0.04%,99.02%,99.00%
WI-6,WISCONSIN,6,204147,133072,357183,430,236,155,121,79,62,55,19.90%,0.04%,99.00%,99.00%
NV-2,NEVADA,2,182676,115722,313336,662,205,135,105,73,58,51,21.37%,0.04%,99.00%,99.00%
CT-4,CONNECTICUT,4,187811,125724,313540,121,204,134,104,73,57,51,21.42%,0.04%,99.00%,99.00%
NJ-2,NEW JERSEY,2,176338,110838,297795,566,193,127,99,71,56,49,21.99%,0.04%,99.01%,99.01%
TX-14,TEXAS,14,160631,99054,259685,114,166,110,85,66,52,46,23.71%,0.04%,99.01%,98.99%
MI-9,MICHIGAN,9,199661,128937,344775,306,222,146,114,76,60,53,20.51%,0.04%,99.00%,99.00%
NY-27,NEW YORK,27,175509,107832,309050,603,195,129,100,71,56,50,21.90%,0.04%,99.02%,99.00%
FL-16,FLORIDA,16,230654,155262,385916,126,245,161,125,80,63,56,19.54%,0.04%,98.97%,99.00%
NM-2,NEW MEXICO,2,143515,85232,228817,501,144,95,74,61,48,43,25.47%,0.04%,98.99%,99.00%
TX-21,TEXAS,21,202967,129765,356031,471,221,146,113,76,60,53,20.56%,0.04%,98.98%,99.00%
FL-25,FLORIDA,25,157921,95319,253240,167,153,101,79,63,50,44,24.72%,0.04%,99.00%,99.01%
IN-7,INDIANA,7,158739,94456,264670,458,159,105,82,64,51,45,24.29%,0.04%,0.00%,0.00%
TX-17,TEXAS,17,149417,86603,245728,418,143,95,74,61,48,43,25.56%,0.04%,98.98%,99.00%
VA-2,VIRGINIA,2,190475,119440,310567,179,179,118,92,68,54,47,22.87%,0.04%,98.99%,99.00%
MI-6,MICHIGAN,6,193259,119980,329565,298,189,125,97,70,55,49,22.24%,0.04%,98.99%,99.01%
KY-6,KENTUCKY,6,202099,128728,330827,625,190,125,97,71,55,49,22.18%,0.04%,98.99%,99.01%
NJ-1,NEW JERSEY,1,183231,112388,305473,529,174,115,89,67,53,47,23.19%,0.04%,98.98%,99.00%
MI-3,MICHIGAN,3,203545,128400,342365,311,194,128,99,71,56,49,21.95%,0.04%,99.00%,99.01%
NC-7,NORTH CAROLINA,7,211801,135905,347706,207,196,129,100,72,56,50,21.83%,0.04%,98.98%,99.00%
TX-2,TEXAS,2,168692,100231,278236,158,155,102,79,64,50,44,24.61%,0.04%,99.00%,99.00%
NM-3,NEW MEXICO,3,170612,102730,273342,524,152,100,78,63,50,44,24.83%,0.04%,99.00%,99.01%
CT-2,CONNECTICUT,2,111149,20881,330257,124,181,120,93,69,54,48,22.73%,0.04%,99.01%,99.00%
TN-5,TENNESSEE,5,171111,102433,273544,186,149,98,76,62,49,43,25.11%,0.04%,99.00%,98.99%
RI-2,RHODE ISLAND,2,133108,70301,229148,216,125,82,64,57,45,40,27.41%,0.04%,99.02%,99.00%
WA-3,WASHINGTON,3,193457,119820,313277,202,169,112,87,67,52,46,23.51%,0.04%,99.01%,99.00%
RI-1,RHODE ISLAND,1,130534,71023,202371,204,108,72,56,53,42,37,29.41%,0.04%,98.99%,98.99%
MA-9,MASSACHUSETTS,9,211790,127803,403642,222,216,143,111,75,59,52,20.81%,0.04%,99.02%,99.00%
WA-6,WASHINGTON,6,201718,126116,327834,211,176,116,90,68,53,47,23.06%,0.04%,99.00%,99.00%
FL-14,FLORIDA,14,195789,121088,316877,192,168,111,86,66,52,46,23.57%,0.04%,98.98%,99.00%
CA-41,CALIFORNIA,41,128164,69159,197323,204,105,69,54,52,41,36,29.90%,0.03%,98.99%,98.99%
GA-6,GEORGIA,6,201088,124917,326005,211,171,113,88,67,53,47,23.36%,0.03%,99.02%,99.00%
CO-2,COLORADO,2,260175,170001,457312,493,240,158,123,79,62,55,19.72%,0.03%,98.99%,99.01%
MO-2,MISSOURI,2,241954,155689,413296,450,215,141,110,75,59,52,20.87%,0.03%,99.00%,99.00%
CA-47,CALIFORNIA,47,154759,88109,242868,627,124,82,64,57,45,40,27.44%,0.03%,99.00%,99.00%
SC-7,SOUTH CAROLINA,7,176468,103454,289463,324,147,97,76,62,49,43,25.22%,0.03%,99.00%,99.00%
IA-4,IOWA,4,226719,142993,370259,489,183,121,94,69,54,48,22.61%,0.03%,98.99%,99.00%
AZ-6,ARIZONA,6,201578,122866,324444,156,159,105,82,65,51,45,24.26%,0.03%,98.98%,99.00%
MN-4,MINNESOTA,4,203299,121033,351945,229,171,113,88,67,53,46,23.37%,0.03%,98.98%,98.98%
TX-35,TEXAS,35,124612,62384,197576,437,94,63,49,50,39,35,31.50%,0.03%,99.00%,99.00%
OR-1,OREGON,1,225391,139756,378095,242,182,120,94,69,54,48,22.65%,0.03%,99.01%,99.00%
SC-1,SOUTH CAROLINA,1,190410,110539,325170,353,155,102,80,64,50,44,24.56%,0.03%,98.99%,99.00%
WI-7,WISCONSIN,7,223418,138643,362271,716,171,113,88,67,53,46,23.40%,0.03%,99.00%,98.99%
PA-12,PENNSYLVANIA,12,221851,137353,359204,591,169,112,87,67,52,46,23.52%,0.03%,99.00%,98.99%
SC-2,SOUTH CAROLINA,2,183746,105306,304996,294,142,94,73,61,48,42,25.72%,0.03%,99.01%,98.99%
CA-50,CALIFORNIA,50,179937,103646,283583,459,129,86,67,58,46,40,26.90%,0.03%,99.01%,98.99%
NV-1,NEVADA,1,116537,54174,188352,308,85,57,44,47,37,33,33.11%,0.03%,99.00%,98.99%
VA-1,VIRGINIA,1,230213,140785,384601,244,173,114,89,67,53,47,23.25%,0.03%,99.01%,98.99%
PA-9,PENNSYLVANIA,9,186580,107985,294565,538,132,87,68,59,46,41,26.68%,0.03%,99.02%,99.01%
CT-1,CONNECTICUT,1,200686,105674,312925,133,139,92,71,60,47,42,26.00%,0.03%,99.02%,99.01%
UT-2,UTAH,2,170524,93778,276819,548,122,81,63,57,44,39,27.72%,0.03%,99.00%,99.00%
MI-5,MICHIGAN,5,195279,112102,319291,354,138,91,71,60,47,42,26.05%,0.03%,98.99%,99.00%
NJ-6,NEW JERSEY,6,167895,91908,263435,524,113,75,58,54,43,38,28.84%,0.03%,99.00%,98.99%
OH-14,OHIO,14,219191,130907,350269,590,147,97,76,62,49,43,25.20%,0.03%,99.00%,98.99%
TX-28,TEXAS,28,122086,57740,184442,270,77,51,40,45,35,31,34.89%,0.03%,98.99%,98.99%
TX-3,TEXAS,3,193684,109420,316467,73,132,87,68,59,46,41,26.63%,0.03%,99.01%,98.99%
CA-4,CALIFORNIA,4,220133,130845,350978,585,145,96,74,62,48,43,25.44%,0.03%,99.00%,99.00%
NY-21,NEW YORK,21,152597,75965,257126,537,105,70,55,53,41,37,29.80%,0.03%,98.99%,98.99%
TN-4,TENNESSEE,4,165796,89141,254937,240,104,69,54,52,41,36,30.07%,0.03%,99.01%,98.99%
PA-11,PENNSYLVANIA,11,199421,113800,313221,434,125,83,65,57,45,40,27.34%,0.03%,99.00%,99.00%
WI-8,WISCONSIN,8,227892,135682,363780,419,146,96,75,62,49,43,25.35%,0.03%,98.99%,99.01%
NY-17,NEW YORK,17,193819,108978,304860,,121,80,62,56,44,39,27.83%,0.03%,99.02%,98.99%
KS-2,KANSAS,2,181228,96840,297401,990,116,77,60,55,43,38,28.38%,0.03%,99.00%,99.00%
NC-10,NORTH CAROLINA,10,220825,128919,349744,197,136,90,70,60,47,41,26.28%,0.03%,99.01%,99.01%
KY-3,KENTUCKY,3,212401,122093,334494,609,129,85,66,58,46,40,27.00%,0.03%,99.01%,99.01%
FL-5,FLORIDA,5,194549,108325,302874,236,116,76,60,55,43,38,28.47%,0.03%,99.00%,99.00%
WY-at large,WYOMING,at large,156176,75466,258788,482,96,64,50,50,40,35,31.19%,0.02%,99.00%,99.00%
NM-1,NEW MEXICO,1,181088,96879,277967,468,102,68,53,52,41,36,30.29%,0.02%,99.00%,99.00%
MD-8,MARYLAND,8,220657,124651,364324,204,135,89,69,59,47,41,26.35%,0.02%,99.01%,99.01%
FL-21,FLORIDA,21,210606,118038,335861,386,123,82,64,57,45,40,27.56%,0.02%,99.01%,99.01%
AZ-5,ARIZONA,5,205184,114940,320124,113,118,78,61,56,44,39,28.19%,0.02%,99.00%,99.01%
WA-2,WASHINGTON,2,208314,117094,325408,197,119,79,61,56,44,39,28.03%,0.02%,99.01%,99.00%
FL-17,FLORIDA,17,209348,115974,338675,139,123,81,64,57,45,39,27.57%,0.02%,99.00%,98.99%
MD-2,MARYLAND,2,192183,102577,309480,224,112,74,58,54,43,38,28.95%,0.02%,99.01%,99.01%
CA-46,CALIFORNIA,46,115248,49345,164593,215,58,39,30,39,31,27,40.04%,0.02%,1,99.00%
IN-5,INDIANA,5,221957,123849,361135,594,127,84,65,58,45,40,27.17%,0.02%,98.99%,99.02%
KS-4,KANSAS,4,166998,81495,275251,667,97,64,50,51,40,35,31.06%,0.02%,99.01%,99.00%
FL-10,FLORIDA,10,198491,107498,305989,144,106,70,55,53,41,37,29.74%,0.02%,99.02%,99.00%
CA-40,CALIFORNIA,40,106554,42743,149297,502,51,34,27,37,29,26,42.74%,0.02%,99.02%,98.99%
NJ-12,NEW JERSEY,12,181430,92407,288634,538,98,65,51,51,40,35,30.84%,0.02%,99.02%,99.00%
MI-4,MICHIGAN,4,194572,101277,315751,385,107,71,55,53,42,37,29.55%,0.02%,98.99%,99.00%
TX-33,TEXAS,33,93147,33222,126369,268,41,28,22,33,26,23,47.42%,0.02%,98.99%,98.99%
NC-11,NORTH CAROLINA,11,230405,129103,359508,281,118,78,61,56,44,39,28.18%,0.02%,99.00%,98.99%
CA-22,CALIFORNIA,22,158755,76211,234966,352,76,50,39,45,35,31,35.13%,0.02%,99.00%,99.00%
MD-3,MARYLAND,3,214640,115048,339675,251,109,72,56,53,42,37,29.32%,0.02%,99.01%,99.00%
SD-at large,SOUTH DAKOTA,at large,237163,132810,369973,707,118,78,61,56,44,39,28.21%,0.02%,99.00%,99.02%
IN-8,INDIANA,8,187702,93356,294713,660,91,61,47,49,39,34,32.01%,0.02%,99.02%,98.99%
CT-3,CONNECTICUT,3,213572,95786,309379,169,96,64,50,50,40,35,31.19%,0.02%,98.99%,99.00%
NJ-4,NEW JERSEY,4,211992,111532,332684,516,103,68,53,52,41,36,30.20%,0.02%,99.01%,99.01%
CA-27,CALIFORNIA,27,168977,81655,250632,689,77,51,40,45,35,31,34.84%,0.02%,99.00%,99.01%
MI-2,MICHIGAN,2,212508,110391,339328,319,103,69,53,52,41,36,30.09%,0.02%,98.99%,99.00%
TX-29,TEXAS,29,95649,31646,131982,167,40,26,21,33,26,23,48.49%,0.02%,98.99%,99.01%
GA-8,GEORGIA,8,173983,83225,257208,210,75,50,39,45,35,31,35.29%,0.02%,98.99%,99.00%
OH-16,OHIO,16,225794,119830,345624,516,100,66,52,51,40,36,30.66%,0.02%,99.00%,99.01%
MI-10,MICHIGAN,10,215132,110112,340983,362,99,65,51,51,40,35,30.80%,0.02%,99.01%,98.99%
AL-3,ALABAMA,3,192164,94549,287104,301,81,54,42,46,36,32,34.00%,0.02%,98.99%,99.01%
OH-10,OHIO,10,215724,109981,336602,528,95,63,49,50,39,35,31.41%,0.02%,99.00%,98.99%
CA-53,CALIFORNIA,53,198988,97968,296956,356,81,54,42,46,36,32,34.02%,0.02%,99.02%,99.00%
WV-1,WEST VIRGINIA,1,163469,73534,237003,589,65,43,34,41,33,29,37.95%,0.02%,99.00%,99.01%
CA-35,CALIFORNIA,35,124044,47309,171353,329,47,31,24,35,28,25,44.78%,0.02%,99.01%,99.00%
PA-4,PENNSYLVANIA,4,220628,113372,334000,298,91,60,47,49,38,34,32.11%,0.02%,98.98%,99.01%
AL-5,ALABAMA,5,205647,102234,308326,205,83,55,43,47,37,33,33.54%,0.02%,99.01%,99.00%
IN-4,INDIANA,4,193412,91256,299434,577,80,53,42,46,36,32,34.12%,0.02%,99.00%,99.00%
OH-2,OHIO,2,221193,111694,340279,576,90,60,47,49,38,34,32.18%,0.02%,98.98%,98.99%
VA-3,VIRGINIA,3,208337,103289,312340,213,83,55,43,47,37,32,33.63%,0.02%,98.99%,99.00%
MN-6,MINNESOTA,6,235385,123010,358930,280,96,63,49,50,39,35,31.31%,0.02%,99.00%,99.00%
OH-15,OHIO,15,222847,113960,336807,611,90,59,46,49,38,34,32.33%,0.02%,98.99%,99.01%
IL-9,ILLINOIS,9,217306,109550,326948,514,86,57,45,48,37,33,32.96%,0.02%,99.02%,99.00%
CO-5,COLORADO,5,225445,111676,361993,308,95,63,49,50,39,35,31.43%,0.02%,99.01%,98.99%
CA-23,CALIFORNIA,23,167116,74468,241584,499,64,42,33,41,32,29,38.35%,0.02%,99.00%,99.00%
CA-33,CALIFORNIA,33,219397,110822,330219,880,87,57,45,48,38,33,32.88%,0.02%,99.01%,99.00%
PA-5,PENNSYLVANIA,5,206761,101082,307843,562,80,53,41,46,36,32,34.33%,0.02%,99.01%,99.00%
FL-8,FLORIDA,8,246483,127127,390561,210,100,66,52,51,40,36,30.56%,0.02%,99.00%,99.01%
ID-2,IDAHO,2,205292,95940,326237,480,83,55,43,47,37,33,33.52%,0.02%,99.00%,99.01%
FL-19,FLORIDA,19,239225,123812,363166,146,93,61,48,49,39,34,31.78%,0.02%,99.01%,98.99%
TN-3,TENNESSEE,3,176613,76727,266006,276,66,44,35,42,33,29,37.55%,0.02%,99.02%,99.01%
NY-20,NEW YORK,20,188428,83328,290496,630,71,48,37,43,34,30,36.18%,0.02%,99.00%,99.00%
OH-7,OHIO,7,198221,89638,309553,532,76,51,40,45,35,31,35.08%,0.02%,98.99%,99.00%
NC-3,NORTH CAROLINA,3,217531,106170,323701,236,79,53,41,46,36,32,34.40%,0.02%,99.02%,99.01%
VA-6,VIRGINIA,6,225471,112170,338409,244,84,55,43,47,37,33,33.48%,0.02%,99.01%,99.00%
SC-4,SOUTH CAROLINA,4,198648,91676,295670,236,72,48,37,43,34,30,36.18%,0.02%,99.03%,99.00%
MS-4,MISSISSIPPI,4,181323,77505,278779,343,67,45,35,42,33,29,37.24%,0.02%,98.99%,99.01%
NY-6,NEW YORK,6,131463,43770,198488,413,48,32,25,36,28,25,44.18%,0.02%,99.01%,99.00%
CA-38,CALIFORNIA,38,163590,68524,232114,724,56,37,29,38,30,27,40.96%,0.02%,98.99%,99.00%
OH-9,OHIO,9,193966,88427,282398,505,67,45,35,42,33,29,37.37%,0.02%,99.00%,98.99%
OH-13,OHIO,13,208610,99377,308004,573,75,49,39,44,35,31,35.46%,0.02%,98.99%,99.00%
GA-11,GEORGIA,11,217935,105383,323318,149,77,51,40,45,36,31,34.81%,0.02%,99.00%,99.00%
CO-4,COLORADO,4,248230,123642,390633,490,92,61,48,49,39,34,31.89%,0.02%,98.99%,98.99%
OH-4,OHIO,4,210227,98981,309208,582,72,48,38,44,34,30,35.98%,0.02%,98.99%,98.99%
MI-12,MICHIGAN,12,211378,96104,328542,306,76,51,40,45,35,31,35.09%,0.02%,99.01%,99.01%
KS-1,KANSAS,1,169992,67739,257971,1225,59,40,31,40,31,28,39.64%,0.02%,98.98%,99.01%
NC-12,NORTH CAROLINA,12,234115,115185,349300,146,81,54,42,46,36,32,34.05%,0.02%,99.01%,99.00%
OH-3,OHIO,3,199791,91560,291351,505,68,45,35,42,33,29,37.15%,0.02%,98.99%,98.99%
NJ-9,NEW JERSEY,9,162642,65376,233242,423,54,36,28,38,30,26,41.70%,0.02%,99.02%,98.99%
WV-3,WEST VIRGINIA,3,140741,49708,207332,612,48,32,25,36,28,25,43.91%,0.02%,99.01%,99.00%
GA-3,GEORGIA,3,207218,95969,303187,192,70,46,36,43,34,30,36.69%,0.02%,98.99%,99.00%
MS-3,MISSISSIPPI,3,209490,96101,316445,547,73,48,38,44,35,31,35.83%,0.02%,98.99%,99.00%
AZ-7,ARIZONA,7,119465,39286,158811,105,37,24,19,31,25,22,50.49%,0.02%,99.01%,99.02%
AZ-8,ARIZONA,8,204942,93954,298971,142,68,45,35,42,33,29,37.12%,0.02%,98.99%,99.00%
CA-51,CALIFORNIA,51,145162,54362,199524,201,45,30,24,35,27,24,45.51%,0.02%,99.00%,99.00%
NE-1,NEBRASKA,1,189771,83467,273238,525,62,41,32,40,32,28,38.91%,0.02%,98.99%,99.00%
MS-2,MISSISSIPPI,2,192343,83542,286626,541,65,43,34,41,33,29,37.96%,0.02%,99.00%,99.01%
WI-1,WISCONSIN,1,230072,107003,354245,344,78,52,40,45,36,31,34.74%,0.01%,98.99%,99.00%
CA-29,CALIFORNIA,29,128407,43417,171824,509,38,25,20,32,25,22,49.46%,0.01%,98.99%,99.01%
UT-1,UTAH,1,182925,73380,277451,556,60,40,31,40,31,28,39.48%,0.01%,99.00%,99.00%
TX-26,TEXAS,26,211730,94507,319080,170,69,46,36,43,34,30,36.74%,0.01%,99.00%,99.00%
CA-20,CALIFORNIA,20,180980,74811,255791,381,54,36,28,38,30,26,41.51%,0.01%,98.99%,99.00%
FL-11,FLORIDA,11,258016,124713,394719,175,82,55,43,47,37,32,33.77%,0.01%,99.02%,98.99%
SC-6,SOUTH CAROLINA,6,177947,70099,253901,405,52,35,27,37,29,26,42.48%,0.01%,99.01%,99.00%
NY-4,NEW YORK,4,111246,29823,146126,646,30,20,16,28,22,20,55.72%,0.01%,99.00%,98.99%
HI-1,HAWAII,1,145417,45958,213531,113,43,29,23,34,27,24,46.58%,0.01%,98.99%,98.99%
MA-3,MASSACHUSETTS,3,236713,107519,360124,225,73,48,38,44,34,30,35.87%,0.01%,99.00%,99.01%
ID-1,IDAHO,1,242252,113052,355357,438,71,47,37,43,34,30,36.36%,0.01%,98.99%,99.01%
CA-34,CALIFORNIA,34,122842,36314,159156,477,31,21,17,29,23,20,54.37%,0.01%,99.01%,99.00%
FL-2,FLORIDA,2,231163,102801,343362,165,67,45,35,42,33,29,37.38%,0.01%,99.01%,99.00%
PA-10,PENNSYLVANIA,10,211282,89823,301105,502,58,38,30,39,31,27,40.34%,0.01%,99.02%,99.00%
MS-1,MISSISSIPPI,1,206455,83947,300423,414,56,37,29,39,30,27,40.78%,0.01%,99.00%,99.00%
VA-9,VIRGINIA,9,212838,87877,310314,366,58,38,30,39,31,27,40.27%,0.01%,99.00%,98.99%
TX-18,TEXAS,18,150157,48306,204308,243,37,25,20,32,25,22,49.85%,0.01%,99.00%,99.01%
OH-12,OHIO,12,251266,112638,377534,581,69,46,36,43,34,30,36.72%,0.01%,99.00%,99.00%
FL-12,FLORIDA,12,253559,116110,369669,173,68,45,35,42,33,29,37.18%,0.01%,99.00%,98.98%
IL-5,ILLINOIS,5,212842,86222,313724,584,57,38,30,39,31,27,40.36%,0.01%,98.99%,99.00%
TX-12,TEXAS,12,196482,76029,283115,267,52,34,27,37,29,26,42.55%,0.01%,98.98%,98.99%
AZ-4,ARIZONA,4,203487,81296,284783,162,51,34,27,37,29,26,42.91%,0.01%,98.99%,99.01%
MD-5,MARYLAND,5,242989,105931,360634,223,65,43,34,41,33,29,38.00%,0.01%,99.00%,99.01%
OH-6,OHIO,6,213975,88780,302755,700,55,36,29,38,30,26,41.35%,0.01%,99.01%,99.01%
IN-6,INDIANA,6,204920,79135,296385,716,52,35,27,37,29,26,42.44%,0.01%,99.00%,99.01%
MO-4,MISSOURI,4,225348,92510,332234,393,58,39,31,39,31,27,39.98%,0.01%,98.99%,99.01%
TN-8,TENNESSEE,8,194386,70925,282733,247,49,33,26,36,28,25,43.67%,0.01%,98.99%,99.00%
FL-1,FLORIDA,1,255107,114079,369186,118,64,43,33,41,32,29,38.20%,0.01%,98.98%,99.00%
MD-1,MARYLAND,1,242574,103622,362097,344,64,42,33,41,32,29,38.37%,0.01%,99.00%,99.01%
MO-7,MISSOURI,7,228692,92756,338607,293,58,39,30,39,31,27,40.15%,0.01%,99.01%,99.00%
NC-4,NORTH CAROLINA,4,279380,130161,409541,182,71,47,37,43,34,30,36.44%,0.01%,99.00%,98.98%
MO-6,MISSOURI,6,238388,99692,350444,472,60,40,31,40,31,28,39.58%,0.01%,99.01%,99.00%
NC-1,NORTH CAROLINA,1,240661,101567,350699,247,59,40,31,40,31,28,39.66%,0.01%,99.01%,99.01%
WI-5,WISCONSIN,5,260706,114477,390844,347,67,44,35,42,33,29,37.41%,0.01%,99.01%,98.99%
OK-4,OKLAHOMA,4,204143,76472,293189,350,49,33,26,36,28,25,43.55%,0.01%,98.99%,99.00%
SC-3,SOUTH CAROLINA,3,196325,72933,269540,339,45,30,23,34,27,24,45.78%,0.01%,98.99%,99.01%
OH-8,OHIO,8,223833,87794,325506,557,53,36,28,38,30,26,41.79%,0.01%,99.00%,99.00%
WI-2,WISCONSIN,2,273537,124044,398060,415,66,44,35,42,33,29,37.56%,0.01%,98.99%,98.99%
CA-19,CALIFORNIA,19,181802,64061,245863,324,41,27,21,33,26,23,47.89%,0.01%,99.00%,99.00%
CA-18,CALIFORNIA,18,230460,93470,323930,416,52,35,27,37,29,26,42.29%,0.01%,99.03%,98.99%
CA-11,CALIFORNIA,11,214868,83341,298209,441,48,32,25,36,28,25,44.11%,0.01%,98.99%,98.99%
WA-9,WASHINGTON,9,205165,76317,281482,184,45,30,23,34,27,24,45.77%,0.01%,98.99%,99.01%
MA-4,MASSACHUSETTS,4,265823,113055,395304,220,63,42,33,41,32,28,38.65%,0.01%,99.02%,99.01%
CA-30,CALIFORNIA,30,205279,77325,282604,710,46,30,24,35,27,24,45.28%,0.01%,99.00%,99.00%
MO-3,MISSOURI,3,249865,102891,368333,332,59,39,31,39,31,27,39.90%,0.01%,99.00%,99.01%
CA-43,CALIFORNIA,43,167017,52499,219516,688,34,23,18,30,24,21,52.17%,0.01%,99.00%,99.01%
OH-5,OHIO,5,244599,100392,344991,596,54,36,28,38,30,26,41.80%,0.01%,99.00%,98.99%
OK-2,OKLAHOMA,2,189839,62387,268870,528,41,28,22,33,26,23,47.40%,0.01%,98.99%,99.00%
CA-15,CALIFORNIA,15,198578,70619,269197,465,41,28,22,33,26,23,47.53%,0.01%,99.01%,99.01%
KY-4,KENTUCKY,4,233922,94065,327987,482,51,34,27,37,29,26,42.64%,0.01%,99.01%,98.99%
NJ-8,NEW JERSEY,8,134733,32337,174889,443,27,18,14,27,21,19,58.55%,0.01%,99.01%,99.00%
CO-1,COLORADO,1,257254,105030,379036,424,58,39,30,39,31,27,40.16%,0.01%,98.99%,98.99%
VA-8,VIRGINIA,8,246653,98387,360676,166,55,37,29,38,30,27,41.11%,0.01%,99.00%,99.00%
AR-4,ARKANSAS,4,182885,61274,244159,895,38,25,20,32,25,22,49.81%,0.01%,99.00%,99.00%
CA-6,CALIFORNIA,6,177565,57848,235413,503,36,24,19,31,24,22,50.85%,0.01%,99.02%,99.01%
TX-32,TEXAS,32,162868,43490,229171,273,34,23,18,30,24,21,52.09%,0.01%,99.00%,99.01%
KY-1,KENTUCKY,1,216959,81710,299001,675,46,30,24,35,27,24,45.23%,0.01%,99.01%,99.01%
UT-3,UTAH,3,209589,75716,285305,576,42,28,22,34,26,23,46.92%,0.01%,98.99%,99.00%
NY-16,NEW YORK,16,198811,65326,276510,738,40,27,21,33,26,23,48.27%,0.01%,99.00%,99.00%
IN-3,INDIANA,3,201396,66023,287247,626,42,28,22,33,26,23,47.13%,0.01%,98.99%,99.01%
TX-1,TEXAS,1,192434,62847,260409,228,38,25,20,32,25,22,49.76%,0.01%,99.00%,99.00%
AR-1,ARKANSAS,1,183866,57181,241047,750,34,23,18,30,24,21,52.56%,0.01%,99.02%,99.00%
TN-7,TENNESSEE,7,200407,65226,277513,284,39,26,21,32,26,23,48.71%,0.01%,99.02%,99.01%
NY-14,NEW YORK,14,138367,26891,184427,416,25,17,13,26,21,18,60.44%,0.01%,98.98%,99.00%
IL-18,ILLINOIS,18,250506,96770,347283,417,48,32,25,36,28,25,44.27%,0.01%,98.99%,99.01%
TN-6,TENNESSEE,6,202234,61995,284490,266,38,26,20,32,25,22,49.29%,0.01%,99.01%,99.00%
TX-9,TEXAS,9,152032,36491,188523,193,25,17,13,26,20,18,61.29%,0.01%,98.99%,98.99%
ND-at large,NORTH DAKOTA,at large,233980,80377,338459,432,45,30,24,35,27,24,45.38%,0.01%,99.01%,99.00%
TX-5,TEXAS,5,155469,37406,192875,237,25,17,13,26,20,18,61.21%,0.01%,99.01%,99.00%
LA-2,LOUISIANA,2,198289,57125,284269,656,37,25,20,32,25,22,49.66%,0.01%,98.99%,99.00%
NY-26,NEW YORK,26,195322,56930,274405,689,36,24,19,31,25,22,50.43%,0.01%,98.99%,99.02%
OR-2,OREGON,2,272952,106640,380739,390,49,33,26,36,28,25,43.68%,0.01%,1,99.00%
MA-8,MASSACHUSETTS,8,271019,102744,396009,251,52,34,27,37,29,26,42.49%,0.01%,99.00%,99.01%
IL-1,ILLINOIS,1,234037,81817,315862,556,40,27,21,33,26,23,48.19%,0.01%,98.98%,99.00%
TN-2,TENNESSEE,2,212455,68401,280856,180,35,24,19,31,24,21,51.29%,0.01%,99.00%,99.00%
NY-10,NEW YORK,10,180117,46275,246680,523,31,21,17,29,23,20,54.26%,0.01%,98.99%,99.00%
FL-4,FLORIDA,4,287509,113088,409662,135,52,34,27,37,29,26,42.58%,0.01%,99.00%,99.00%
GA-4,GEORGIA,4,220146,70593,290739,170,35,24,19,31,24,21,51.44%,0.01%,98.99%,98.99%
TX-30,TEXAS,30,170502,41518,218826,254,26,18,14,27,21,19,58.94%,0.01%,99.00%,99.00%
LA-6,LOUISIANA,6,207483,49380,331098,566,40,27,21,33,26,23,47.75%,0.01%,98.98%,99.00%
HI-2,HAWAII,2,170848,39668,224133,134,27,18,14,27,21,19,58.53%,0.01%,99.02%,98.99%
TX-20,TEXAS,20,149640,29055,187669,255,22,15,12,25,19,17,64.25%,0.01%,99.00%,98.99%
AL-6,ALABAMA,6,245313,83709,329306,197,39,26,20,32,25,22,49.07%,0.01%,99.01%,99.01%
TN-9,TENNESSEE,9,171631,41123,217957,129,26,17,14,26,21,18,59.88%,0.01%,99.01%,99.00%
MN-5,MINNESOTA,5,249957,80660,361875,236,42,28,22,34,27,23,46.78%,0.01%,99.00%,99.00%
PA-14,PENNSYLVANIA,14,255293,87999,343292,866,39,26,21,32,26,23,48.73%,0.01%,99.01%,99.02%
CA-5,CALIFORNIA,5,224526,67565,292091,394,32,22,17,29,23,21,53.74%,0.01%,99.02%,99.01%
AR-3,ARKANSAS,3,217192,63715,280907,501,31,21,16,29,23,20,54.64%,0.01%,99.01%,99.00%
MO-8,MISSOURI,8,229792,70009,308871,471,35,23,18,31,24,21,51.73%,0.01%,98.99%,99.00%
CA-28,CALIFORNIA,28,210883,59526,270409,729,30,20,16,28,22,20,55.97%,0.01%,99.00%,98.98%
MD-7,MARYLAND,7,238838,69556,318912,315,33,22,17,30,23,21,53.08%,0.01%,98.99%,99.00%
MA-1,MASSACHUSETTS,1,235803,57504,349676,277,35,24,19,31,24,22,50.99%,0.01%,98.99%,99.00%
MD-4,MARYLAND,4,237501,68670,320650,246,33,22,18,30,24,21,52.65%,0.01%,99.01%,98.99%
MA-5,MASSACHUSETTS,5,285606,95648,385455,243,38,26,20,32,25,22,49.28%,0.01%,98.99%,98.98%
CA-37,CALIFORNIA,37,192490,44782,237272,713,24,16,13,25,20,18,62.25%,0.01%,99.01%,98.99%
CA-2,CALIFORNIA,2,254194,76572,330766,661,32,22,17,29,23,21,53.70%,0.01%,99.00%,98.99%
OK-3,OKLAHOMA,3,227525,63090,290615,483,29,19,15,28,22,19,56.58%,0.01%,99.00%,99.00%
MO-1,MISSOURI,1,236993,62714,314024,494,30,20,16,28,22,20,55.50%,0.01%,98.99%,98.98%
TN-1,TENNESSEE,1,198293,39024,253025,217,23,16,12,25,20,18,62.95%,0.01%,99.00%,98.98%
IN-1,INDIANA,1,207515,47051,254583,697,23,16,12,25,20,18,63.03%,0.01%,99.00%,99.00%
TX-16,TEXAS,16,150228,17491,175229,173,15,11,8,21,17,15,75.75%,0.01%,99.00%,99.00%
LA-5,LOUISIANA,5,208545,47117,255662,824,23,16,12,25,20,18,63.14%,0.01%,99.00%,98.99%
MI-13,MICHIGAN,13,198771,40541,257797,517,24,16,13,26,20,18,61.38%,0.01%,99.00%,99.01%
FL-20,FLORIDA,20,222914,54646,277560,283,25,17,13,26,21,18,60.62%,0.01%,98.98%,99.00%
MA-2,MASSACHUSETTS,2,275487,82786,363197,235,33,22,17,30,23,21,53.06%,0.01%,98.99%,99.00%
OR-3,OREGON,3,274687,78154,382355,138,35,23,19,31,24,21,51.40%,0.01%,99.02%,99.00%
MA-6,MASSACHUSETTS,6,308923,101694,415749,231,37,25,20,32,25,22,49.84%,0.01%,99.02%,99.00%
IL-2,ILLINOIS,2,235051,59471,294522,497,26,17,14,27,21,19,59.62%,0.01%,99.00%,98.99%
NY-12,NEW YORK,12,230153,49398,298084,511,25,17,13,26,21,18,60.64%,0.01%,98.98%,98.99%
NY-15,NEW YORK,15,165688,19667,193703,464,16,11,8,21,17,15,75.38%,0.01%,1,99.00%
OH-11,OHIO,11,242917,59769,302686,592,25,17,13,26,21,18,60.51%,0.01%,99.01%,99.00%
CA-14,CALIFORNIA,14,231630,54817,286447,331,24,16,13,26,20,18,61.73%,0.01%,99.00%,98.99%
NY-7,NEW YORK,7,165819,17093,198119,473,16,11,8,21,17,15,75.07%,0.01%,99.00%,98.99%
MI-14,MICHIGAN,14,244135,58103,310974,464,26,17,14,26,21,18,59.82%,0.01%,98.99%,98.99%
PA-1,PENNSYLVANIA,1,245791,53219,299010,721,22,15,12,25,19,17,64.40%,0.01%,98.99%,98.99%
NY-9,NEW YORK,9,198886,24759,241550,492,17,12,9,22,17,15,72.09%,0.00%,98.99%,98.99%
NJ-10,NEW JERSEY,10,190856,26450,222771,551,16,11,9,22,17,15,73.80%,0.00%,98.99%,98.99%
NY-5,NEW YORK,5,197852,26791,243752,457,18,12,10,23,18,16,70.18%,0.00%,99.00%,99.01%
TX-19,TEXAS,19,176314,17376,203475,303,14,10,8,20,16,14,78.11%,0.00%,99.00%,99.00%
LA-1,LOUISIANA,1,243645,41840,326788,541,24,16,13,26,20,18,61.75%,0.00%,99.02%,99.00%
WI-4,WISCONSIN,4,220181,33494,286909,366,21,14,11,24,19,17,65.07%,0.00%,99.00%,98.99%
NY-8,NEW YORK,8,203235,27399,246242,534,17,12,9,22,18,16,71.41%,0.00%,99.00%,98.99%
MA-7,MASSACHUSETTS,7,253354,52734,309645,270,22,15,12,24,19,17,64.79%,0.00%,98.99%,99.02%
CA-12,CALIFORNIA,12,274035,64810,338845,496,24,16,13,26,20,18,61.75%,0.00%,99.00%,99.01%
TX-36,TEXAS,36,193675,24890,218565,270,15,10,8,21,16,14,77.22%,0.00%,99.00%,99.00%
TX-4,TEXAS,4,216643,29577,246220,376,15,11,8,21,17,15,75.98%,0.00%,99.01%,99.01%
TX-11,TEXAS,11,201871,23677,225548,292,14,10,8,20,16,14,79.00%,0.00%,98.98%,98.98%
IL-7,ILLINOIS,7,250584,46882,297466,597,19,13,10,23,18,16,68.48%,0.00%,98.99%,99.00%
NY-13,NEW YORK,13,207194,21502,252279,496,16,11,9,22,17,15,73.61%,0.00%,98.99%,99.00%
GA-5,GEORGIA,5,253781,46768,300549,240,19,13,10,23,18,16,68.88%,0.00%,98.98%,99.00%
TX-13,TEXAS,13,199050,14725,221242,410,12,9,7,19,15,13,83.31%,0.00%,98.99%,98.99%
AZ-3,ARIZONA,3,148973,1303,151035,177,8,6,5,16,13,11,97.77%,0.00%,98.99%,98.99%
VA-11,VIRGINIA,11,247818,34185,282003,,16,11,8,21,17,15,75.76%,0.00%,99.01%,98.99%
VT-at large,VERMONT,at large,264414,29410,320467,275,16,11,9,22,17,15,73.33%,0.00%,98.99%,99.00%
AL-1,ALABAMA,1,208083,7810,215893,321,10,7,5,17,14,12,92.76%,0.00%,99.00%,98.99%
GA-1,GEORGIA,1,210243,869,211112,231,8,6,4,16,13,11,99.18%,0.00%,99.00%,99.00%
CA-13,CALIFORNIA,13,293117,29754,322871,501,13,9,7,20,15,14,81.57%,0.00%,99.02%,99.02%
AL-7,ALABAMA,7,229330,3698,233028,392,9,6,5,17,13,12,96.83%,0.00%,99.01%,99.00%
PA-2,PENNSYLVANIA,2,322514,35131,357645,827,14,9,7,20,16,14,80.35%,0.00%,98.99%,99.02%
AL-4,ALABAMA,4,235925,3519,239444,425,9,6,5,17,13,12,97.06%,0.00%,98.98%,99.00%
GA-10,GEORGIA,10,243725,886,244821,215,8,6,4,16,13,11,99.19%,0.00%,99.02%,99.01%
WI-3,WISCONSIN,3,257401,2800,260370,597,8,6,5,16,13,11,97.78%,0.00%,99.01%,99.00%
IL-3,ILLINOIS,3,225320,91,225411,454,8,5,4,16,13,11,99.92%,0.00%,98.99%,99.01%
IL-16,ILLINOIS,16,259722,131,259853,370,8,5,4,16,13,11,99.90%,0.00%,99.02%,98.99%
PA-18,PENNSYLVANIA,18,293684,0,293684,594,0,0,0,0,0,0,170251018.10%,0.00%,99.01%,99.00%
PA-3,PENNSYLVANIA,3,244893,0,244893,488,0,0,0,0,0,0,204170801.13%,0.00%,99.01%,99.00%
PA-13,PENNSYLVANIA,13,239316,0,239316,551,0,0,0,0,0,0,208928780.36%,0.00%,99.01%,98.99%
NE-3,NEBRASKA,3,226720,0,226720,740,0,0,0,0,0,0,220536344.39%,0.00%,99.01%,99.01%
GA-9,GEORGIA,9,256535,0,256535,180,0,0,0,0,0,0,194905178.63%,0.00%,98.99%,99.00%
GA-13,GEORGIA,13,252833,0,252833,173,0,0,0,0,0,0,197758995.07%,0.00%,99.01%,99.00%
KY-2,KENTUCKY,2,251825,0,251825,419,0,0,0,0,0,0,198550580.76%,0.00%,98.98%,99.00%
IL-15,ILLINOIS,15,274554,0,274554,550,0,0,0,0,0,0,182113536.86%,0.00%,98.99%,99.01%
TX-8,TEXAS,8,236379,0,236379,,0,0,0,0,0,0,211524712.43%,0.00%,99.00%,98.99%
KY-5,KENTUCKY,5,221242,0,221242,736,0,0,0,0,0,0,225996872.20%,0.00%,99.00%,98.99%
GA-14,GEORGIA,14,216743,0,216743,149,0,0,0,0,0,0,230687957.63%,0.00%,99.01%,99.01%
IL-4,ILLINOIS,4,171297,0,171297,443,0,0,0,0,0,0,291890692.77%,0.00%,99.00%,98.99%
